ue,student_id,nom,prenom,moyenne,rang
UE101,EPL0114,DIJOUX,Madeleine,19.39,1
UE101,EPL0823,MARTIN,Lucas,18.9,2
UE101,EPL0379,ROBERT,Thomas,18.57,3
UE101,EPL1103,ROBERT,Lucas,18.27,4
UE101,EPL0421,MARTIN,Sophie,18.18,5
UE101,EPL1110,WAGNER,Sophie,17.74,6
UE101,EPL0168,DUPONT,Madeleine,17.69,7
UE101,EPL0623,DELANNOY,Madeleine,17.65,8
UE101,EPL0157,DUPONT,Madeleine,17.6,9
UE101,EPL0968,ROBERT,Sophie,17.4,10
UE101,EPL0997,SCHMITT,Stéphane,17.39,11
UE101,EPL0422,WAGNER,Julie,17.27,12
UE101,EPL1015,PETIT,Antoine,17.21,13
UE101,EPL0489,ROBERT,Agathe,17.06,14
UE101,EPL0572,WAGNER,Sophie,17.03,15
UE101,EPL0642,DIJOUX,Lucas,17.01,16
UE101,EPL0475,ROBERT,Emma,16.93,17
UE101,EPL0072,PETIT,Stéphane,16.61,18
UE101,EPL1049,DELANNOY,Sophie,16.43,19
UE101,EPL0271,ROBERT,Thomas,16.32,20
UE101,EPL0123,DELANNOY,Madeleine,16.21,21
UE101,EPL0904,PETIT,Madeleine,15.84,22
UE101,EPL0419,MARTIN,Emma,15.54,23
UE101,EPL0894,BERNARD,Sophie,15.51,24
UE101,EPL0580,MOREAU,Julie,15.43,25
UE101,EPL0956,PETIT,Sophie,15.35,26
UE101,EPL0890,DUPONT,Madeleine,15.33,27
UE101,EPL0203,ROBERT,Emma,15.25,28
UE101,EPL0893,BERNARD,Emma,15.2,29
UE101,EPL0702,SCHMITT,Danielle,15.15,30
UE101,EPL1009,DELANNOY,Emma,15.15,30
UE101,EPL1120,DELANNOY,Julie,15.15,30
UE101,EPL1165,PETIT,Danielle,15.07,31
UE101,EPL1156,DELANNOY,Antoine,15.03,32
UE101,EPL0068,ROBERT,Danielle,15.01,33
UE101,EPL1159,DELANNOY,Madeleine,14.95,34
UE101,EPL0335,MARTIN,Madeleine,14.93,35
UE101,EPL0165,BERNARD,Sophie,14.89,36
UE101,EPL0087,MARTIN,Agathe,14.75,37
UE101,EPL0818,ROBERT,Antoine,14.67,38
UE101,EPL0988,MARTIN,Agathe,14.63,39
UE101,EPL0377,DUPONT,Antoine,14.62,40
UE101,EPL0353,DELANNOY,Antoine,14.57,41
UE101,EPL1080,MOREAU,Agathe,14.55,42
UE101,EPL0589,DELANNOY,Lucas,14.49,43
UE101,EPL0065,PETIT,Julie,14.44,44
UE101,EPL0299,PETIT,Thomas,14.44,44
UE101,EPL0601,ROBERT,Antoine,14.27,45
UE101,EPL0650,DUPONT,Emma,14.09,46
UE101,EPL0223,PETIT,Antoine,14.06,47
UE101,EPL0282,BERNARD,Julie,13.99,48
UE101,EPL0214,ROBERT,Thomas,13.95,49
UE101,EPL1008,DELANNOY,Stéphane,13.91,50
UE101,EPL0181,DELANNOY,Thomas,13.88,51
UE101,EPL0917,DELANNOY,Madeleine,13.82,52
UE101,EPL0695,WAGNER,Thomas,13.78,53
UE101,EPL1198,DELANNOY,Emma,13.66,54
UE101,EPL1059,DUPONT,Lucas,13.63,55
UE101,EPL0543,DUPONT,Antoine,13.59,56
UE101,EPL0207,DELANNOY,Danielle,13.55,57
UE101,EPL0410,ROBERT,Sophie,13.54,58
UE101,EPL0846,DUPONT,Stéphane,13.48,59
UE101,EPL0593,DUPONT,Emma,13.44,60
UE101,EPL0134,MARTIN,Danielle,13.42,61
UE101,EPL0788,DUPONT,Emma,13.38,62
UE101,EPL0690,PETIT,Lucas,13.33,63
UE101,EPL0935,DIJOUX,Sophie,13.32,64
UE101,EPL1026,BERNARD,Sophie,13.31,65
UE101,EPL0605,BERNARD,Antoine,13.24,66
UE101,EPL0714,DUPONT,Thomas,13.2,67
UE101,EPL1033,MOREAU,Madeleine,13.2,67
UE101,EPL1052,MARTIN,Stéphane,13.19,68
UE101,EPL0928,PETIT,Sophie,13.13,69
UE101,EPL0901,PETIT,Lucas,13.11,70
UE101,EPL0152,DUPONT,Agathe,13.04,71
UE101,EPL0387,SCHMITT,Danielle,13.03,72
UE101,EPL0581,DUPONT,Emma,13.02,73
UE101,EPL0415,WAGNER,Stéphane,13.0,74
UE101,EPL0868,PETIT,Lucas,13.0,74
UE101,EPL0088,MOREAU,Lucas,12.99,75
UE101,EPL0697,BERNARD,Thomas,12.98,76
UE101,EPL0150,MARTIN,Antoine,12.89,77
UE101,EPL0155,SCHMITT,Emma,12.88,78
UE101,EPL0847,PETIT,Sophie,12.87,79
UE101,EPL1172,PETIT,Agathe,12.84,80
UE101,EPL0343,MARTIN,Julie,12.73,81
UE101,EPL0878,DELANNOY,Sophie,12.67,82
UE101,EPL1039,DIJOUX,Julie,12.67,82
UE101,EPL0232,PETIT,Stéphane,12.65,83
UE101,EPL0193,ROBERT,Madeleine,12.64,84
UE101,EPL0792,ROBERT,Madeleine,12.62,85
UE101,EPL0277,PETIT,Stéphane,12.6,86
UE101,EPL1119,DELANNOY,Madeleine,12.6,86
UE101,EPL0814,MARTIN,Antoine,12.59,87
UE101,EPL1016,PETIT,Agathe,12.59,87
UE101,EPL0238,DUPONT,Madeleine,12.56,88
UE101,EPL0747,SCHMITT,Emma,12.56,88
UE101,EPL0718,DIJOUX,Thomas,12.45,89
UE101,EPL1115,DIJOUX,Danielle,12.45,89
UE101,EPL0923,MARTIN,Sophie,12.4,90
UE101,EPL0270,MOREAU,Thomas,12.39,91
UE101,EPL0971,ROBERT,Sophie,12.38,92
UE101,EPL0129,WAGNER,Emma,12.3,93
UE101,EPL0436,PETIT,Danielle,12.22,94
UE101,EPL0591,DELANNOY,Antoine,12.21,95
UE101,EPL0023,MOREAU,Stéphane,12.2,96
UE101,EPL0420,WAGNER,Danielle,12.2,96
UE101,EPL0227,ROBERT,Emma,12.19,97
UE101,EPL0656,DUPONT,Thomas,12.18,98
UE101,EPL1003,DELANNOY,Madeleine,12.18,98
UE101,EPL0629,SCHMITT,Stéphane,12.17,99
UE101,EPL0233,BERNARD,Emma,12.14,100
UE101,EPL0462,SCHMITT,Julie,12.11,101
UE101,EPL0744,BERNARD,Madeleine,12.08,102
UE101,EPL0879,MOREAU,Julie,11.95,103
UE101,EPL0112,DELANNOY,Agathe,11.92,104
UE101,EPL0073,BERNARD,Emma,11.89,105
UE101,EPL1118,DUPONT,Antoine,11.83,106
UE101,EPL0262,DELANNOY,Thomas,11.82,107
UE101,EPL0451,DUPONT,Sophie,11.81,108
UE101,EPL0533,MOREAU,Stéphane,11.8,109
UE101,EPL0444,MARTIN,Emma,11.73,110
UE101,EPL0915,MOREAU,Thomas,11.71,111
UE101,EPL1178,SCHMITT,Antoine,11.7,112
UE101,EPL0457,ROBERT,Antoine,11.68,113
UE101,EPL0628,PETIT,Sophie,11.62,114
UE101,EPL0552,DIJOUX,Madeleine,11.53,115
UE101,EPL0871,PETIT,Lucas,11.47,116
UE101,EPL1188,PETIT,Sophie,11.33,117
UE101,EPL0005,BERNARD,Agathe,11.3,118
UE101,EPL0218,DELANNOY,Sophie,11.29,119
UE101,EPL0667,WAGNER,Julie,11.24,120
UE101,EPL0471,MARTIN,Stéphane,11.17,121
UE101,EPL0830,WAGNER,Lucas,11.15,122
UE101,EPL0318,MARTIN,Madeleine,11.07,123
UE101,EPL0215,MOREAU,Antoine,11.05,124
UE101,EPL0138,PETIT,Julie,11.03,125
UE101,EPL1160,BERNARD,Thomas,11.03,125
UE101,EPL0246,ROBERT,Madeleine,11.0,126
UE101,EPL0673,DUPONT,Stéphane,10.97,127
UE101,EPL0888,SCHMITT,Julie,10.92,128
UE101,EPL1065,WAGNER,Stéphane,10.91,129
UE101,EPL1060,BERNARD,Danielle,10.89,130
UE101,EPL0280,SCHMITT,Agathe,10.84,131
UE101,EPL0560,ROBERT,Lucas,10.74,132
UE101,EPL0634,DELANNOY,Agathe,10.72,133
UE101,EPL0812,DELANNOY,Stéphane,10.68,134
UE101,EPL0191,DUPONT,Lucas,10.66,135
UE101,EPL0345,PETIT,Agathe,10.59,136
UE101,EPL0225,BERNARD,Stéphane,10.58,137
UE101,EPL1035,MARTIN,Julie,10.55,138
UE101,EPL0292,DELANNOY,Emma,10.52,139
UE101,EPL0130,WAGNER,Agathe,10.49,140
UE101,EPL0626,SCHMITT,Lucas,10.47,141
UE101,EPL0084,SCHMITT,Danielle,10.45,142
UE101,EPL0729,MOREAU,Thomas,10.38,143
UE101,EPL0025,SCHMITT,Agathe,10.37,144
UE101,EPL0927,BERNARD,Stéphane,10.32,145
UE101,EPL0772,MARTIN,Antoine,10.31,146
UE101,EPL0940,BERNARD,Agathe,10.31,146
UE101,EPL0278,BERNARD,Sophie,10.2,147
UE101,EPL0382,BERNARD,Thomas,10.2,147
UE101,EPL0550,SCHMITT,Sophie,10.19,148
UE101,EPL0851,DIJOUX,Emma,10.13,149
UE101,EPL0974,PETIT,Madeleine,10.04,150
UE101,EPL0053,DIJOUX,Agathe,9.97,151
UE101,EPL0334,DELANNOY,Stéphane,9.97,151
UE101,EPL1014,DIJOUX,Emma,9.93,152
UE101,EPL0258,SCHMITT,Julie,9.88,153
UE101,EPL0349,PETIT,Agathe,9.84,154
UE101,EPL0231,WAGNER,Julie,9.81,155
UE101,EPL0748,WAGNER,Julie,9.73,156
UE101,EPL0834,BERNARD,Antoine,9.7,157
UE101,EPL0676,SCHMITT,Agathe,9.67,158
UE101,EPL0730,WAGNER,Sophie,9.67,158
UE101,EPL0621,PETIT,Madeleine,9.63,159
UE101,EPL0360,BERNARD,Agathe,9.52,160
UE101,EPL0182,SCHMITT,Antoine,9.43,161
UE101,EPL0590,BERNARD,Stéphane,9.43,161
UE101,EPL0499,DIJOUX,Emma,9.37,162
UE101,EPL0514,WAGNER,Julie,9.28,163
UE101,EPL0135,DUPONT,Julie,9.24,164
UE101,EPL0448,MOREAU,Madeleine,9.18,165
UE101,EPL0482,DELANNOY,Madeleine,9.13,166
UE101,EPL0568,DELANNOY,Lucas,8.98,167
UE101,EPL0635,ROBERT,Antoine,8.96,168
UE101,EPL0497,DIJOUX,Julie,8.89,169
UE101,EPL0412,DUPONT,Thomas,8.63,170
UE101,EPL0027,DELANNOY,Thomas,8.55,171
UE101,EPL0245,MOREAU,Julie,8.4,172
UE101,EPL0326,DUPONT,Thomas,8.36,173
UE101,EPL0194,WAGNER,Emma,8.26,174
UE101,EPL0941,PETIT,Antoine,8.16,175
UE101,EPL1067,DUPONT,Antoine,8.12,176
UE101,EPL0438,SCHMITT,Lucas,7.86,177
UE101,EPL0500,ROBERT,Agathe,7.85,178
UE101,EPL0101,MOREAU,Thomas,7.75,179
UE101,EPL0272,SCHMITT,Danielle,7.69,180
UE101,EPL0926,MARTIN,Danielle,7.43,181
UE101,EPL0131,WAGNER,Madeleine,7.35,182
UE101,EPL1077,DUPONT,Antoine,7.33,183
UE101,EPL0401,DIJOUX,Danielle,7.22,184
UE101,EPL1195,BERNARD,Sophie,7.22,184
UE101,EPL0143,PETIT,Lucas,7.18,185
UE101,EPL0521,BERNARD,Stéphane,6.99,186
UE101,EPL0631,SCHMITT,Julie,6.92,187
UE101,EPL0222,DUPONT,Emma,6.4,188
UE102,EPL0763,MOREAU,Danielle,19.68,1
UE102,EPL0285,PETIT,Sophie,18.4,2
UE102,EPL1084,DIJOUX,Stéphane,18.23,3
UE102,EPL0394,MARTIN,Antoine,17.49,4
UE102,EPL1041,DELANNOY,Sophie,17.05,5
UE102,EPL0625,BERNARD,Thomas,16.78,6
UE102,EPL0668,MOREAU,Lucas,16.51,7
UE102,EPL0610,MOREAU,Thomas,16.49,8
UE102,EPL0083,WAGNER,Lucas,16.43,9
UE102,EPL0962,BERNARD,Stéphane,15.99,10
UE102,EPL0315,DUPONT,Thomas,15.92,11
UE102,EPL0854,DIJOUX,Agathe,15.57,12
UE102,EPL1058,MARTIN,Stéphane,15.52,13
UE102,EPL0480,MARTIN,Stéphane,15.36,14
UE102,EPL0754,MOREAU,Danielle,15.16,15
UE102,EPL0796,BERNARD,Antoine,15.16,15
UE102,EPL0595,PETIT,Danielle,15.11,16
UE102,EPL0815,DELANNOY,Antoine,15.1,17
UE102,EPL1101,ROBERT,Julie,14.99,18
UE102,EPL0060,MARTIN,Emma,14.93,19
UE102,EPL0092,WAGNER,Madeleine,14.91,20
UE102,EPL0252,DIJOUX,Julie,14.75,21
UE102,EPL0490,ROBERT,Madeleine,14.64,22
UE102,EPL0176,DELANNOY,Stéphane,14.48,23
UE102,EPL0637,MOREAU,Lucas,14.47,24
UE102,EPL0146,DIJOUX,Madeleine,14.35,25
UE102,EPL0216,MARTIN,Emma,14.28,26
UE102,EPL1171,DUPONT,Lucas,14.28,26
UE102,EPL0186,DELANNOY,Thomas,14.14,27
UE102,EPL0885,BERNARD,Thomas,14.05,28
UE102,EPL1047,MOREAU,Julie,13.96,29
UE102,EPL1034,BERNARD,Sophie,13.94,30
UE102,EPL0860,MARTIN,Madeleine,13.9,31
UE102,EPL0300,ROBERT,Antoine,13.89,32
UE102,EPL0780,MOREAU,Sophie,13.86,33
UE102,EPL0054,MARTIN,Stéphane,13.84,34
UE102,EPL0706,DIJOUX,Thomas,13.82,35
UE102,EPL0889,DELANNOY,Agathe,13.77,36
UE102,EPL1000,MOREAU,Sophie,13.72,37
UE102,EPL0736,DUPONT,Madeleine,13.42,38
UE102,EPL1134,DELANNOY,Thomas,13.36,39
UE102,EPL0960,DUPONT,Madeleine,13.34,40
UE102,EPL0791,BERNARD,Stéphane,13.29,41
UE102,EPL0733,WAGNER,Agathe,13.22,42
UE102,EPL0364,DELANNOY,Madeleine,13.21,43
UE102,EPL0957,PETIT,Emma,13.03,44
UE102,EPL0555,WAGNER,Lucas,13.01,45
UE102,EPL0817,ROBERT,Madeleine,12.8,46
UE102,EPL0098,MOREAU,Lucas,12.78,47
UE102,EPL0529,BERNARD,Sophie,12.78,47
UE102,EPL0554,MOREAU,Emma,12.76,48
UE102,EPL0342,PETIT,Agathe,12.73,49
UE102,EPL0141,MOREAU,Agathe,12.68,50
UE102,EPL0040,MOREAU,Julie,12.59,51
UE102,EPL0378,MARTIN,Madeleine,12.55,52
UE102,EPL0585,ROBERT,Agathe,12.55,52
UE102,EPL0198,DELANNOY,Madeleine,12.46,53
UE102,EPL1144,MARTIN,Emma,12.38,54
UE102,EPL0281,WAGNER,Antoine,12.34,55
UE102,EPL0717,DELANNOY,Stéphane,12.34,55
UE102,EPL1191,WAGNER,Stéphane,12.32,56
UE102,EPL0321,WAGNER,Stéphane,12.29,57
UE102,EPL0638,MOREAU,Thomas,12.22,58
UE102,EPL0279,BERNARD,Emma,12.21,59
UE102,EPL0906,DELANNOY,Agathe,12.14,60
UE102,EPL0799,DELANNOY,Lucas,12.08,61
UE102,EPL0033,PETIT,Antoine,11.96,62
UE102,EPL1023,MOREAU,Lucas,11.93,63
UE102,EPL1091,BERNARD,Emma,11.79,64
UE102,EPL0955,PETIT,Thomas,11.75,65
UE102,EPL0002,ROBERT,Agathe,11.59,66
UE102,EPL0287,MOREAU,Emma,11.54,67
UE102,EPL0548,ROBERT,Antoine,11.39,68
UE102,EPL0350,DIJOUX,Emma,11.36,69
UE102,EPL0022,DELANNOY,Danielle,11.32,70
UE102,EPL0169,DIJOUX,Stéphane,11.26,71
UE102,EPL0993,WAGNER,Julie,11.26,71
UE102,EPL1141,ROBERT,Agathe,11.11,72
UE102,EPL0078,MARTIN,Julie,11.1,73
UE102,EPL0564,WAGNER,Madeleine,11.02,74
UE102,EPL0641,DIJOUX,Danielle,10.99,75
UE102,EPL1082,BERNARD,Sophie,10.95,76
UE102,EPL0538,WAGNER,Stéphane,10.85,77
UE102,EPL0587,DUPONT,Stéphane,10.62,78
UE102,EPL1069,BERNARD,Lucas,10.6,79
UE102,EPL0256,MOREAU,Stéphane,10.55,80
UE102,EPL0506,MOREAU,Antoine,10.54,81
UE102,EPL0086,DELANNOY,Agathe,10.49,82
UE102,EPL0384,PETIT,Emma,10.42,83
UE102,EPL0455,SCHMITT,Agathe,10.41,84
UE102,EPL0128,DELANNOY,Thomas,10.3,85
UE102,EPL0540,DIJOUX,Julie,10.27,86
UE102,EPL0031,ROBERT,Madeleine,10.19,87
UE102,EPL0070,WAGNER,Thomas,10.06,88
UE102,EPL0535,ROBERT,Julie,10.04,89
UE102,EPL0967,DUPONT,Madeleine,9.97,90
UE102,EPL1157,DIJOUX,Agathe,9.94,91
UE102,EPL1128,DIJOUX,Lucas,9.74,92
UE102,EPL0104,WAGNER,Thomas,9.59,93
UE102,EPL0380,DIJOUX,Emma,9.58,94
UE102,EPL0510,ROBERT,Danielle,9.51,95
UE102,EPL0391,SCHMITT,Sophie,9.3,96
UE102,EPL0832,DIJOUX,Thomas,9.24,97
UE102,EPL0751,DELANNOY,Stéphane,9.23,98
UE102,EPL0261,BERNARD,Sophie,9.22,99
UE102,EPL0275,ROBERT,Sophie,9.06,100
UE102,EPL0732,WAGNER,Thomas,9.06,100
UE102,EPL0838,BERNARD,Sophie,9.0,101
UE102,EPL0356,PETIT,Thomas,8.99,102
UE102,EPL0937,SCHMITT,Agathe,8.94,103
UE102,EPL0843,DIJOUX,Danielle,8.63,104
UE102,EPL0614,DELANNOY,Emma,8.62,105
UE102,EPL0682,BERNARD,Madeleine,8.61,106
UE102,EPL0460,DELANNOY,Sophie,8.41,107
UE102,EPL0608,DIJOUX,Thomas,8.27,108
UE102,EPL0953,SCHMITT,Thomas,8.25,109
UE102,EPL1074,DIJOUX,Antoine,8.15,110
UE102,EPL0639,MOREAU,Thomas,8.13,111
UE102,EPL0393,PETIT,Julie,8.04,112
UE102,EPL0723,WAGNER,Antoine,7.96,113
UE102,EPL0205,ROBERT,Lucas,7.87,114
UE102,EPL0873,PETIT,Emma,7.86,115
UE102,EPL0473,MARTIN,Julie,7.45,116
UE102,EPL0111,MOREAU,Julie,6.24,117
UE102,EPL0567,PETIT,Thomas,5.89,118
UE102,EPL1152,BERNARD,Julie,5.54,119
UE102,EPL0978,ROBERT,Julie,4.73,120
UE102,EPL0647,PETIT,Stéphane,3.91,121
UE201,EPL0180,MARTIN,Stéphane,20.0,1
UE201,EPL0756,DIJOUX,Lucas,19.9,2
UE201,EPL0881,PETIT,Emma,19.58,3
UE201,EPL0126,MARTIN,Sophie,18.57,4
UE201,EPL0324,DIJOUX,Stéphane,18.28,5
UE201,EPL0886,DUPONT,Madeleine,17.54,6
UE201,EPL0739,MARTIN,Danielle,17.0,7
UE201,EPL0007,WAGNER,Lucas,16.74,8
UE201,EPL0837,DIJOUX,Antoine,16.65,9
UE201,EPL0362,DIJOUX,Antoine,16.6,10
UE201,EPL0004,DIJOUX,Sophie,16.57,11
UE201,EPL0495,WAGNER,Sophie,16.57,11
UE201,EPL0966,DIJOUX,Sophie,16.32,12
UE201,EPL0822,ROBERT,Sophie,16.23,13
UE201,EPL1182,MOREAU,Agathe,16.18,14
UE201,EPL0426,MARTIN,Sophie,16.11,15
UE201,EPL0257,PETIT,Emma,15.8,16
UE201,EPL0925,BERNARD,Agathe,15.59,17
UE201,EPL1105,BERNARD,Sophie,15.32,18
UE201,EPL0670,DELANNOY,Emma,15.27,19
UE201,EPL0204,SCHMITT,Agathe,15.16,20
UE201,EPL0055,DELANNOY,Thomas,15.09,21
UE201,EPL0740,DIJOUX,Antoine,15.04,22
UE201,EPL1183,WAGNER,Emma,14.75,23
UE201,EPL1007,WAGNER,Agathe,14.69,24
UE201,EPL0167,DIJOUX,Emma,14.47,25
UE201,EPL0891,DUPONT,Emma,14.46,26
UE201,EPL0139,ROBERT,Stéphane,14.44,27
UE201,EPL0314,MOREAU,Julie,14.44,27
UE201,EPL1061,MOREAU,Sophie,14.32,28
UE201,EPL0724,DELANNOY,Danielle,14.23,29
UE201,EPL0041,SCHMITT,Emma,14.22,30
UE201,EPL0964,SCHMITT,Stéphane,14.13,31
UE201,EPL0771,MOREAU,Antoine,14.12,32
UE201,EPL0365,WAGNER,Emma,14.07,33
UE201,EPL0869,MOREAU,Madeleine,13.98,34
UE201,EPL0773,DIJOUX,Lucas,13.9,35
UE201,EPL0330,DIJOUX,Lucas,13.89,36
UE201,EPL0288,ROBERT,Julie,13.76,37
UE201,EPL0887,PETIT,Stéphane,13.75,38
UE201,EPL0547,SCHMITT,Madeleine,13.73,39
UE201,EPL0785,BERNARD,Danielle,13.68,40
UE201,EPL1189,DUPONT,Danielle,13.65,41
UE201,EPL0309,DELANNOY,Antoine,13.64,42
UE201,EPL0208,ROBERT,Lucas,13.54,43
UE201,EPL0892,MOREAU,Emma,13.52,44
UE201,EPL0243,DELANNOY,Lucas,13.51,45
UE201,EPL0517,PETIT,Antoine,13.5,46
UE201,EPL0858,MARTIN,Antoine,13.41,47
UE201,EPL1086,MARTIN,Antoine,13.29,48
UE201,EPL1132,PETIT,Julie,13.27,49
UE201,EPL0447,DIJOUX,Agathe,13.1,50
UE201,EPL1116,MARTIN,Antoine,13.09,51
UE201,EPL0082,DELANNOY,Julie,13.07,52
UE201,EPL1100,DIJOUX,Sophie,13.04,53
UE201,EPL0175,ROBERT,Agathe,12.83,54
UE201,EPL1054,MARTIN,Agathe,12.78,55
UE201,EPL0912,SCHMITT,Madeleine,12.66,56
UE201,EPL1112,BERNARD,Danielle,12.65,57
UE201,EPL0037,MARTIN,Agathe,12.63,58
UE201,EPL0659,SCHMITT,Thomas,12.59,59
UE201,EPL1012,PETIT,Emma,12.59,59
UE201,EPL0758,DIJOUX,Madeleine,12.55,60
UE201,EPL1181,BERNARD,Stéphane,12.54,61
UE201,EPL0195,DUPONT,Thomas,12.52,62
UE201,EPL0306,DELANNOY,Madeleine,12.35,63
UE201,EPL1173,MARTIN,Julie,12.31,64
UE201,EPL0199,DUPONT,Agathe,12.17,65
UE201,EPL0528,SCHMITT,Emma,12.14,66
UE201,EPL1146,MARTIN,Antoine,12.05,67
UE201,EPL0368,SCHMITT,Agathe,12.04,68
UE201,EPL0099,DUPONT,Agathe,12.02,69
UE201,EPL0117,MARTIN,Stéphane,11.9,70
UE201,EPL0835,MOREAU,Madeleine,11.9,70
UE201,EPL0949,MOREAU,Antoine,11.86,71
UE201,EPL0648,DELANNOY,Stéphane,11.84,72
UE201,EPL0720,MOREAU,Antoine,11.83,73
UE201,EPL0188,DUPONT,Danielle,11.78,74
UE201,EPL0965,ROBERT,Stéphane,11.73,75
UE201,EPL0944,DUPONT,Julie,11.7,76
UE201,EPL0399,BERNARD,Julie,11.66,77
UE201,EPL1104,BERNARD,Danielle,11.58,78
UE201,EPL0633,MOREAU,Antoine,11.53,79
UE201,EPL1045,PETIT,Danielle,11.48,80
UE201,EPL0100,ROBERT,Emma,11.3,81
UE201,EPL1135,DIJOUX,Lucas,11.27,82
UE201,EPL1089,WAGNER,Antoine,11.22,83
UE201,EPL0570,MOREAU,Danielle,10.95,84
UE201,EPL0902,MARTIN,Julie,10.82,85
UE201,EPL0102,SCHMITT,Julie,10.74,86
UE201,EPL0558,DIJOUX,Madeleine,10.7,87
UE201,EPL0599,MARTIN,Danielle,10.67,88
UE201,EPL0405,MOREAU,Antoine,10.65,89
UE201,EPL0047,DIJOUX,Antoine,10.62,90
UE201,EPL1018,SCHMITT,Stéphane,10.55,91
UE201,EPL0596,SCHMITT,Lucas,10.47,92
UE201,EPL0821,WAGNER,Agathe,10.45,93
UE201,EPL0683,MOREAU,Sophie,10.43,94
UE201,EPL0662,DUPONT,Thomas,10.36,95
UE201,EPL0931,WAGNER,Antoine,10.33,96
UE201,EPL0661,PETIT,Lucas,10.28,97
UE201,EPL0507,ROBERT,Lucas,10.22,98
UE201,EPL0749,MARTIN,Julie,10.17,99
UE201,EPL0290,ROBERT,Stéphane,10.13,100
UE201,EPL1109,BERNARD,Stéphane,10.13,100
UE201,EPL0769,PETIT,Antoine,10.12,101
UE201,EPL1153,DUPONT,Julie,10.08,102
UE201,EPL0505,PETIT,Agathe,10.05,103
UE201,EPL1017,DIJOUX,Emma,10.05,103
UE201,EPL0156,WAGNER,Sophie,9.86,104
UE201,EPL0229,DUPONT,Julie,9.85,105
UE201,EPL0746,DUPONT,Danielle,9.82,106
UE201,EPL0777,MARTIN,Emma,9.82,106
UE201,EPL0370,BERNARD,Madeleine,9.68,107
UE201,EPL0301,BERNARD,Emma,9.51,108
UE201,EPL0171,DIJOUX,Antoine,9.33,109
UE201,EPL0427,MOREAU,Madeleine,9.11,110
UE201,EPL0983,DUPONT,Stéphane,9.1,111
UE201,EPL1179,BERNARD,Madeleine,9.03,112
UE201,EPL0325,MARTIN,Sophie,8.98,113
UE201,EPL1030,SCHMITT,Agathe,8.93,114
UE201,EPL0922,DELANNOY,Agathe,8.92,115
UE201,EPL0034,DIJOUX,Lucas,8.83,116
UE201,EPL0946,BERNARD,Agathe,8.79,117
UE201,EPL0542,ROBERT,Thomas,8.61,118
UE201,EPL0947,DELANNOY,Danielle,7.42,119
UE201,EPL0979,SCHMITT,Julie,7.25,120
UE201,EPL0483,SCHMITT,Madeleine,7.18,121
UE201,EPL0224,WAGNER,Danielle,7.16,122
UE201,EPL0636,PETIT,Madeleine,7.04,123
UE201,EPL0439,ROBERT,Antoine,6.89,124
UE201,EPL0015,DELANNOY,Julie,6.83,125
UE201,EPL0432,PETIT,Lucas,5.88,126
UE201,EPL0472,MOREAU,Madeleine,5.09,127
UE201,EPL1062,MOREAU,Emma,3.45,128
UE201,EPL0263,PETIT,Antoine,2.28,129
UE202,EPL0479,MARTIN,Julie,20.0,1
UE202,EPL1117,MARTIN,Agathe,19.21,2
UE202,EPL0221,BERNARD,Antoine,18.94,3
UE202,EPL0375,WAGNER,Madeleine,18.46,4
UE202,EPL0461,PETIT,Agathe,17.89,5
UE202,EPL0606,BERNARD,Emma,17.63,6
UE202,EPL0651,DUPONT,Thomas,17.55,7
UE202,EPL0876,SCHMITT,Agathe,17.38,8
UE202,EPL0708,SCHMITT,Agathe,17.26,9
UE202,EPL1155,DIJOUX,Agathe,16.93,10
UE202,EPL1133,BERNARD,Madeleine,16.84,11
UE202,EPL1036,PETIT,Emma,16.72,12
UE202,EPL0074,DELANNOY,Sophie,16.69,13
UE202,EPL0373,DUPONT,Thomas,16.35,14
UE202,EPL0813,BERNARD,Stéphane,16.34,15
UE202,EPL0855,ROBERT,Lucas,16.26,16
UE202,EPL0474,DIJOUX,Danielle,16.1,17
UE202,EPL0307,WAGNER,Sophie,15.83,18
UE202,EPL0680,MARTIN,Danielle,15.81,19
UE202,EPL0671,DELANNOY,Sophie,15.74,20
UE202,EPL0565,WAGNER,Julie,15.6,21
UE202,EPL0880,DUPONT,Julie,15.57,22
UE202,EPL0553,DUPONT,Stéphane,15.5,23
UE202,EPL1068,WAGNER,Sophie,15.48,24
UE202,EPL0119,WAGNER,Antoine,15.43,25
UE202,EPL1121,DIJOUX,Stéphane,15.32,26
UE202,EPL0226,WAGNER,Julie,15.27,27
UE202,EPL0921,BERNARD,Madeleine,15.22,28
UE202,EPL0820,WAGNER,Sophie,15.2,29
UE202,EPL0048,PETIT,Julie,15.17,30
UE202,EPL0735,BERNARD,Emma,15.09,31
UE202,EPL1087,ROBERT,Julie,15.09,31
UE202,EPL0839,MARTIN,Madeleine,14.95,32
UE202,EPL0801,MARTIN,Antoine,14.81,33
UE202,EPL0501,DIJOUX,Thomas,14.78,34
UE202,EPL0699,MARTIN,Lucas,14.77,35
UE202,EPL0297,MOREAU,Stéphane,14.7,36
UE202,EPL0942,PETIT,Stéphane,14.62,37
UE202,EPL0603,DUPONT,Agathe,14.61,38
UE202,EPL1170,DELANNOY,Stéphane,14.56,39
UE202,EPL0541,ROBERT,Danielle,14.51,40
UE202,EPL0313,DIJOUX,Julie,14.48,41
UE202,EPL0076,MARTIN,Thomas,14.47,42
UE202,EPL0162,DELANNOY,Agathe,14.36,43
UE202,EPL0981,BERNARD,Sophie,14.36,43
UE202,EPL0618,DIJOUX,Agathe,14.18,44
UE202,EPL0686,PETIT,Emma,14.14,45
UE202,EPL1005,ROBERT,Stéphane,14.09,46
UE202,EPL0842,WAGNER,Antoine,14.02,47
UE202,EPL0160,MOREAU,Agathe,13.97,48
UE202,EPL0896,SCHMITT,Sophie,13.95,49
UE202,EPL0583,PETIT,Emma,13.9,50
UE202,EPL0694,SCHMITT,Emma,13.85,51
UE202,EPL0304,MARTIN,Emma,13.83,52
UE202,EPL0959,DUPONT,Stéphane,13.71,53
UE202,EPL0504,DUPONT,Agathe,13.69,54
UE202,EPL0202,PETIT,Agathe,13.68,55
UE202,EPL0522,ROBERT,Thomas,13.63,56
UE202,EPL0149,MOREAU,Sophie,13.57,57
UE202,EPL0982,WAGNER,Thomas,13.28,58
UE202,EPL1020,ROBERT,Danielle,13.27,59
UE202,EPL0166,ROBERT,Sophie,13.24,60
UE202,EPL0106,ROBERT,Thomas,13.21,61
UE202,EPL0559,ROBERT,Lucas,13.18,62
UE202,EPL0196,MARTIN,Stéphane,13.16,63
UE202,EPL0071,PETIT,Danielle,13.08,64
UE202,EPL0295,BERNARD,Emma,13.07,65
UE202,EPL1070,MOREAU,Julie,13.04,66
UE202,EPL0174,PETIT,Madeleine,13.02,67
UE202,EPL1130,PETIT,Lucas,12.99,68
UE202,EPL0319,ROBERT,Emma,12.97,69
UE202,EPL1131,MARTIN,Madeleine,12.96,70
UE202,EPL0478,WAGNER,Antoine,12.93,71
UE202,EPL0298,MARTIN,Stéphane,12.92,72
UE202,EPL1127,DELANNOY,Madeleine,12.91,73
UE202,EPL0145,MARTIN,Danielle,12.78,74
UE202,EPL0109,MOREAU,Agathe,12.77,75
UE202,EPL0586,WAGNER,Agathe,12.74,76
UE202,EPL0620,ROBERT,Stéphane,12.67,77
UE202,EPL0711,BERNARD,Thomas,12.63,78
UE202,EPL0991,BERNARD,Madeleine,12.63,78
UE202,EPL0920,ROBERT,Antoine,12.58,79
UE202,EPL0918,PETIT,Julie,12.56,80
UE202,EPL0725,DIJOUX,Stéphane,12.51,81
UE202,EPL0386,SCHMITT,Lucas,12.45,82
UE202,EPL0898,BERNARD,Thomas,12.44,83
UE202,EPL0762,MARTIN,Antoine,12.37,84
UE202,EPL0418,ROBERT,Emma,12.35,85
UE202,EPL0666,DELANNOY,Sophie,12.32,86
UE202,EPL0519,ROBERT,Agathe,12.3,87
UE202,EPL1073,DELANNOY,Madeleine,12.23,88
UE202,EPL1094,BERNARD,Julie,12.16,89
UE202,EPL0903,SCHMITT,Thomas,12.09,90
UE202,EPL0316,ROBERT,Julie,12.06,91
UE202,EPL0657,SCHMITT,Stéphane,12.04,92
UE202,EPL0985,WAGNER,Sophie,11.99,93
UE202,EPL0331,DIJOUX,Danielle,11.96,94
UE202,EPL0663,PETIT,Julie,11.9,95
UE202,EPL0984,DIJOUX,Antoine,11.86,96
UE202,EPL0512,DIJOUX,Stéphane,11.85,97
UE202,EPL0440,WAGNER,Lucas,11.83,98
UE202,EPL0110,MOREAU,Lucas,11.78,99
UE202,EPL0043,DIJOUX,Sophie,11.65,100
UE202,EPL0336,DIJOUX,Thomas,11.56,101
UE202,EPL0726,PETIT,Danielle,11.45,102
UE202,EPL0062,WAGNER,Sophie,11.44,103
UE202,EPL1090,MARTIN,Lucas,11.41,104
UE202,EPL0310,DELANNOY,Lucas,11.39,105
UE202,EPL0840,DUPONT,Madeleine,11.36,106
UE202,EPL0311,DELANNOY,Emma,11.35,107
UE202,EPL0185,SCHMITT,Emma,11.33,108
UE202,EPL0645,PETIT,Julie,11.26,109
UE202,EPL0778,WAGNER,Madeleine,11.26,109
UE202,EPL0423,DELANNOY,Thomas,11.25,110
UE202,EPL0265,PETIT,Stéphane,11.24,111
UE202,EPL1031,DUPONT,Julie,11.23,112
UE202,EPL0433,ROBERT,Antoine,11.19,113
UE202,EPL0653,ROBERT,Danielle,11.19,113
UE202,EPL0646,ROBERT,Antoine,11.18,114
UE202,EPL1176,DUPONT,Lucas,11.16,115
UE202,EPL0806,SCHMITT,Sophie,11.07,116
UE202,EPL1019,BERNARD,Lucas,11.04,117
UE202,EPL1083,ROBERT,Sophie,11.04,117
UE202,EPL0094,ROBERT,Thomas,11.02,118
UE202,EPL0103,DIJOUX,Thomas,10.97,119
UE202,EPL1081,MARTIN,Stéphane,10.95,120
UE202,EPL0674,DELANNOY,Antoine,10.89,121
UE202,EPL0866,DIJOUX,Madeleine,10.84,122
UE202,EPL0095,MARTIN,Danielle,10.82,123
UE202,EPL0566,DIJOUX,Madeleine,10.78,124
UE202,EPL1078,DIJOUX,Lucas,10.72,125
UE202,EPL0805,DELANNOY,Antoine,10.7,126
UE202,EPL0825,DIJOUX,Stéphane,10.66,127
UE202,EPL0975,MOREAU,Julie,10.66,127
UE202,EPL0012,WAGNER,Julie,10.6,128
UE202,EPL0592,ROBERT,Sophie,10.57,129
UE202,EPL0936,MOREAU,Agathe,10.49,130
UE202,EPL0713,WAGNER,Madeleine,10.37,131
UE202,EPL0859,SCHMITT,Lucas,10.34,132
UE202,EPL0340,DELANNOY,Stéphane,10.31,133
UE202,EPL0999,MOREAU,Madeleine,10.29,134
UE202,EPL0743,MOREAU,Lucas,10.13,135
UE202,EPL0487,DIJOUX,Julie,10.06,136
UE202,EPL0170,MARTIN,Agathe,9.74,137
UE202,EPL0485,SCHMITT,Antoine,9.73,138
UE202,EPL0217,ROBERT,Lucas,9.68,139
UE202,EPL0872,SCHMITT,Madeleine,9.61,140
UE202,EPL0172,PETIT,Lucas,9.55,141
UE202,EPL0341,BERNARD,Antoine,9.53,142
UE202,EPL0337,DELANNOY,Agathe,9.52,143
UE202,EPL1150,BERNARD,Antoine,9.46,144
UE202,EPL0588,SCHMITT,Emma,9.45,145
UE202,EPL0537,WAGNER,Thomas,9.42,146
UE202,EPL0759,MARTIN,Emma,9.42,146
UE202,EPL0810,ROBERT,Emma,9.32,147
UE202,EPL0019,ROBERT,Madeleine,9.28,148
UE202,EPL0755,PETIT,Emma,9.15,149
UE202,EPL0753,ROBERT,Danielle,9.07,150
UE202,EPL1187,DUPONT,Sophie,9.05,151
UE202,EPL0453,SCHMITT,Julie,9.04,152
UE202,EPL1151,MOREAU,Julie,9.03,153
UE202,EPL0264,MARTIN,Danielle,8.93,154
UE202,EPL0458,WAGNER,Danielle,8.89,155
UE202,EPL0450,ROBERT,Antoine,8.82,156
UE202,EPL0063,MARTIN,Sophie,8.68,157
UE202,EPL0654,MARTIN,Danielle,8.68,157
UE202,EPL0986,SCHMITT,Madeleine,8.52,158
UE202,EPL0159,DELANNOY,Madeleine,8.43,159
UE202,EPL0534,MARTIN,Agathe,8.37,160
UE202,EPL0698,BERNARD,Emma,8.25,161
UE202,EPL0707,DIJOUX,Julie,8.16,162
UE202,EPL0752,DELANNOY,Madeleine,7.94,163
UE202,EPL0907,DUPONT,Julie,7.92,164
UE202,EPL0675,DIJOUX,Lucas,7.78,165
UE202,EPL0750,MOREAU,Julie,7.78,165
UE202,EPL0020,ROBERT,Stéphane,7.76,166
UE202,EPL0268,DIJOUX,Danielle,7.71,167
UE202,EPL0970,ROBERT,Antoine,7.71,167
UE202,EPL0933,MARTIN,Thomas,7.66,168
UE202,EPL0045,MARTIN,Stéphane,7.56,169
UE202,EPL0579,WAGNER,Danielle,7.56,169
UE202,EPL0190,BERNARD,Agathe,7.46,170
UE202,EPL0413,PETIT,Thomas,7.4,171
UE202,EPL0776,SCHMITT,Madeleine,7.29,172
UE202,EPL0532,DELANNOY,Julie,7.02,173
UE202,EPL1177,PETIT,Emma,6.92,174
UE202,EPL1064,DIJOUX,Antoine,6.78,175
UE202,EPL1098,PETIT,Sophie,6.01,176
UE202,EPL0237,ROBERT,Julie,5.92,177
UE202,EPL0672,PETIT,Sophie,5.78,178
UE202,EPL0383,MARTIN,Lucas,5.63,179
UE202,EPL0934,PETIT,Emma,5.4,180
UE202,EPL1161,MARTIN,Agathe,4.5,181
UE301,EPL0910,DUPONT,Agathe,18.49,1
UE301,EPL1013,ROBERT,Antoine,18.23,2
UE301,EPL0932,DELANNOY,Madeleine,17.64,3
UE301,EPL0032,WAGNER,Sophie,17.56,4
UE301,EPL0945,SCHMITT,Sophie,17.54,5
UE301,EPL0768,MOREAU,Sophie,17.31,6
UE301,EPL0678,PETIT,Lucas,17.26,7
UE301,EPL1125,MARTIN,Stéphane,16.9,8
UE301,EPL0352,ROBERT,Sophie,16.43,9
UE301,EPL0021,WAGNER,Stéphane,16.4,10
UE301,EPL0604,BERNARD,Julie,16.07,11
UE301,EPL0624,SCHMITT,Emma,16.04,12
UE301,EPL0414,DELANNOY,Lucas,15.83,13
UE301,EPL0273,WAGNER,Julie,15.49,14
UE301,EPL0212,MARTIN,Sophie,15.41,15
UE301,EPL0716,MOREAU,Danielle,15.31,16
UE301,EPL0786,SCHMITT,Agathe,15.24,17
UE301,EPL0884,DELANNOY,Thomas,15.13,18
UE301,EPL0254,DIJOUX,Lucas,15.1,19
UE301,EPL1075,ROBERT,Lucas,14.99,20
UE301,EPL0679,MARTIN,Danielle,14.81,21
UE301,EPL0056,DIJOUX,Danielle,14.79,22
UE301,EPL0787,WAGNER,Madeleine,14.5,23
UE301,EPL0121,MARTIN,Emma,14.37,24
UE301,EPL0008,DUPONT,Madeleine,14.3,25
UE301,EPL0468,MARTIN,Madeleine,14.27,26
UE301,EPL0120,DELANNOY,Danielle,14.26,27
UE301,EPL0908,BERNARD,Thomas,14.24,28
UE301,EPL1093,MOREAU,Julie,14.18,29
UE301,EPL0434,WAGNER,Madeleine,14.15,30
UE301,EPL0411,SCHMITT,Stéphane,14.13,31
UE301,EPL0938,SCHMITT,Lucas,14.13,31
UE301,EPL1140,MARTIN,Emma,14.1,32
UE301,EPL0428,SCHMITT,Danielle,14.06,33
UE301,EPL0961,WAGNER,Stéphane,13.93,34
UE301,EPL0998,BERNARD,Julie,13.92,35
UE301,EPL1123,DIJOUX,Lucas,13.92,35
UE301,EPL0322,PETIT,Emma,13.79,36
UE301,EPL1139,ROBERT,Emma,13.79,36
UE301,EPL1169,BERNARD,Thomas,13.78,37
UE301,EPL0496,DUPONT,Lucas,13.62,38
UE301,EPL1021,SCHMITT,Agathe,13.57,39
UE301,EPL0001,DELANNOY,Danielle,13.49,40
UE301,EPL0372,MARTIN,Sophie,13.49,40
UE301,EPL0757,DIJOUX,Emma,13.48,41
UE301,EPL0184,SCHMITT,Emma,13.45,42
UE301,EPL0958,ROBERT,Danielle,13.37,43
UE301,EPL0250,MOREAU,Danielle,13.21,44
UE301,EPL0844,MOREAU,Agathe,13.15,45
UE301,EPL1085,DELANNOY,Madeleine,13.15,45
UE301,EPL0783,MARTIN,Danielle,13.14,46
UE301,EPL0600,DELANNOY,Stéphane,13.13,47
UE301,EPL0069,WAGNER,Danielle,13.08,48
UE301,EPL0018,WAGNER,Danielle,12.94,49
UE301,EPL0721,DELANNOY,Antoine,12.92,50
UE301,EPL0916,WAGNER,Sophie,12.84,51
UE301,EPL0511,PETIT,Danielle,12.81,52
UE301,EPL0737,MOREAU,Sophie,12.77,53
UE301,EPL0013,ROBERT,Thomas,12.73,54
UE301,EPL0950,DELANNOY,Madeleine,12.73,54
UE301,EPL0577,DELANNOY,Stéphane,12.71,55
UE301,EPL0464,DUPONT,Lucas,12.64,56
UE301,EPL0484,MOREAU,Sophie,12.61,57
UE301,EPL0731,SCHMITT,Julie,12.59,58
UE301,EPL0905,PETIT,Stéphane,12.57,59
UE301,EPL0108,BERNARD,Sophie,12.52,60
UE301,EPL0845,WAGNER,Sophie,12.5,61
UE301,EPL1028,MOREAU,Stéphane,12.36,62
UE301,EPL0551,DUPONT,Julie,12.26,63
UE301,EPL0220,ROBERT,Thomas,12.25,64
UE301,EPL0333,MOREAU,Danielle,12.23,65
UE301,EPL0132,DIJOUX,Antoine,12.21,66
UE301,EPL0509,DIJOUX,Sophie,12.15,67
UE301,EPL0800,SCHMITT,Agathe,12.09,68
UE301,EPL0727,SCHMITT,Julie,12.06,69
UE301,EPL0274,SCHMITT,Julie,12.03,70
UE301,EPL0491,PETIT,Danielle,11.98,71
UE301,EPL0658,DUPONT,Thomas,11.93,72
UE301,EPL0442,DELANNOY,Agathe,11.9,73
UE301,EPL1129,DUPONT,Antoine,11.81,74
UE301,EPL0779,DUPONT,Agathe,11.78,75
UE301,EPL1096,MOREAU,Sophie,11.76,76
UE301,EPL0465,ROBERT,Emma,11.66,77
UE301,EPL0481,DELANNOY,Stéphane,11.62,78
UE301,EPL0660,PETIT,Agathe,11.57,79
UE301,EPL0897,ROBERT,Lucas,11.5,80
UE301,EPL0498,SCHMITT,Antoine,11.43,81
UE301,EPL0081,MOREAU,Lucas,11.34,82
UE301,EPL0030,WAGNER,Danielle,11.12,83
UE301,EPL0338,DIJOUX,Stéphane,11.04,84
UE301,EPL0582,MARTIN,Lucas,10.75,85
UE301,EPL0269,DUPONT,Stéphane,10.68,86
UE301,EPL0919,ROBERT,Madeleine,10.66,87
UE301,EPL0219,ROBERT,Sophie,10.54,88
UE301,EPL0557,DIJOUX,Agathe,10.54,88
UE301,EPL0344,DELANNOY,Lucas,10.48,89
UE301,EPL0449,DELANNOY,Sophie,10.46,90
UE301,EPL0089,WAGNER,Lucas,10.41,91
UE301,EPL0469,ROBERT,Danielle,10.41,91
UE301,EPL0882,DUPONT,Thomas,10.41,91
UE301,EPL0664,MARTIN,Antoine,10.37,92
UE301,EPL0459,DIJOUX,Thomas,10.34,93
UE301,EPL0016,SCHMITT,Lucas,10.31,94
UE301,EPL1022,DIJOUX,Agathe,10.28,95
UE301,EPL0390,BERNARD,Madeleine,10.27,96
UE301,EPL0761,DIJOUX,Thomas,10.27,96
UE301,EPL0523,DELANNOY,Stéphane,10.01,97
UE301,EPL0296,BERNARD,Emma,9.92,98
UE301,EPL0703,PETIT,Madeleine,9.89,99
UE301,EPL0874,DELANNOY,Danielle,9.81,100
UE301,EPL0385,DELANNOY,Stéphane,9.72,101
UE301,EPL0376,PETIT,Sophie,9.7,102
UE301,EPL0137,DELANNOY,Emma,9.65,103
UE301,EPL0546,MARTIN,Stéphane,9.61,104
UE301,EPL0857,DELANNOY,Emma,9.5,105
UE301,EPL0057,ROBERT,Stéphane,9.48,106
UE301,EPL0197,DELANNOY,Lucas,9.35,107
UE301,EPL0332,DELANNOY,Danielle,9.31,108
UE301,EPL0206,ROBERT,Agathe,9.19,109
UE301,EPL1190,BERNARD,Lucas,9.09,110
UE301,EPL0518,MARTIN,Antoine,9.07,111
UE301,EPL0598,WAGNER,Agathe,9.06,112
UE301,EPL0833,BERNARD,Emma,8.99,113
UE301,EPL0488,DUPONT,Danielle,8.76,114
UE301,EPL1180,MOREAU,Thomas,8.69,115
UE301,EPL0200,WAGNER,Madeleine,8.57,116
UE301,EPL1126,MOREAU,Julie,8.56,117
UE301,EPL0036,DIJOUX,Thomas,8.34,118
UE301,EPL1037,DIJOUX,Thomas,8.32,119
UE301,EPL0251,BERNARD,Thomas,8.22,120
UE301,EPL0794,BERNARD,Lucas,8.17,121
UE301,EPL0640,ROBERT,Stéphane,8.11,122
UE301,EPL0782,MOREAU,Emma,7.99,123
UE301,EPL0096,MOREAU,Julie,7.61,124
UE301,EPL0527,SCHMITT,Stéphane,7.12,125
UE301,EPL0734,PETIT,Thomas,6.89,126
UE301,EPL0430,SCHMITT,Julie,6.72,127
UE301,EPL0609,SCHMITT,Stéphane,6.66,128
UE301,EPL0576,DELANNOY,Sophie,5.37,129
UE302,EPL0655,DELANNOY,Lucas,19.72,1
UE302,EPL1166,DELANNOY,Antoine,19.32,2
UE302,EPL0235,PETIT,Stéphane,18.43,3
UE302,EPL1024,MARTIN,Antoine,18.43,3
UE302,EPL0253,MOREAU,Julie,18.37,4
UE302,EPL0562,MARTIN,Thomas,18.23,5
UE302,EPL0870,PETIT,Thomas,18.03,6
UE302,EPL0502,WAGNER,Thomas,17.73,7
UE302,EPL0388,BERNARD,Emma,17.63,8
UE302,EPL0864,BERNARD,Agathe,17.39,9
UE302,EPL0249,SCHMITT,Stéphane,17.3,10
UE302,EPL1025,BERNARD,Madeleine,17.18,11
UE302,EPL0710,SCHMITT,Julie,17.09,12
UE302,EPL0267,MOREAU,Emma,16.9,13
UE302,EPL0437,MOREAU,Sophie,16.89,14
UE302,EPL0914,PETIT,Lucas,16.73,15
UE302,EPL0929,DIJOUX,Stéphane,16.7,16
UE302,EPL0863,MOREAU,Lucas,16.64,17
UE302,EPL0492,DELANNOY,Stéphane,16.44,18
UE302,EPL0178,DUPONT,Madeleine,16.36,19
UE302,EPL0826,WAGNER,Antoine,16.36,19
UE302,EPL0544,PETIT,Emma,16.32,20
UE302,EPL1001,DELANNOY,Madeleine,16.2,21
UE302,EPL1142,SCHMITT,Stéphane,16.13,22
UE302,EPL0066,MOREAU,Madeleine,16.07,23
UE302,EPL0398,DELANNOY,Agathe,16.06,24
UE302,EPL1011,DUPONT,Danielle,15.95,25
UE302,EPL0400,SCHMITT,Julie,15.71,26
UE302,EPL0899,MARTIN,Agathe,15.62,27
UE302,EPL1137,SCHMITT,Antoine,15.57,28
UE302,EPL1122,DELANNOY,Sophie,15.56,29
UE302,EPL0692,MARTIN,Madeleine,15.48,30
UE302,EPL0312,DIJOUX,Emma,15.3,31
UE302,EPL1040,DIJOUX,Stéphane,15.14,32
UE302,EPL0738,PETIT,Madeleine,14.95,33
UE302,EPL1136,DIJOUX,Agathe,14.89,34
UE302,EPL0452,MOREAU,Thomas,14.87,35
UE302,EPL0213,DIJOUX,Thomas,14.86,36
UE302,EPL0389,SCHMITT,Lucas,14.85,37
UE302,EPL1002,WAGNER,Thomas,14.77,38
UE302,EPL1099,DUPONT,Danielle,14.75,39
UE302,EPL0244,PETIT,Emma,14.6,40
UE302,EPL0192,MOREAU,Danielle,14.57,41
UE302,EPL0240,DELANNOY,Madeleine,14.56,42
UE302,EPL0575,WAGNER,Agathe,14.49,43
UE302,EPL0035,ROBERT,Stéphane,14.47,44
UE302,EPL0328,MARTIN,Emma,14.37,45
UE302,EPL0303,SCHMITT,Thomas,14.24,46
UE302,EPL0681,BERNARD,Sophie,14.17,47
UE302,EPL0760,DUPONT,Thomas,14.1,48
UE302,EPL0798,BERNARD,Emma,14.04,49
UE302,EPL0943,BERNARD,Danielle,13.95,50
UE302,EPL0425,DELANNOY,Thomas,13.94,51
UE302,EPL0909,MOREAU,Madeleine,13.94,51
UE302,EPL0531,PETIT,Danielle,13.92,52
UE302,EPL0329,MOREAU,Danielle,13.87,53
UE302,EPL0406,PETIT,Sophie,13.87,53
UE302,EPL0467,SCHMITT,Julie,13.84,54
UE302,EPL1107,DELANNOY,Danielle,13.84,54
UE302,EPL0784,DIJOUX,Stéphane,13.83,55
UE302,EPL0125,WAGNER,Thomas,13.76,56
UE302,EPL0477,DUPONT,Lucas,13.73,57
UE302,EPL0211,WAGNER,Thomas,13.71,58
UE302,EPL0524,ROBERT,Antoine,13.71,58
UE302,EPL1168,DUPONT,Madeleine,13.69,59
UE302,EPL0361,DUPONT,Sophie,13.56,60
UE302,EPL0209,SCHMITT,Madeleine,13.55,61
UE302,EPL0745,DUPONT,Julie,13.55,61
UE302,EPL0090,SCHMITT,Sophie,13.54,62
UE302,EPL1114,DELANNOY,Lucas,13.49,63
UE302,EPL0392,WAGNER,Sophie,13.48,64
UE302,EPL0619,DIJOUX,Sophie,13.44,65
UE302,EPL1072,ROBERT,Madeleine,13.43,66
UE302,EPL0158,DIJOUX,Stéphane,13.42,67
UE302,EPL0187,MARTIN,Julie,13.42,67
UE302,EPL0339,MARTIN,Stéphane,13.24,68
UE302,EPL1006,SCHMITT,Antoine,13.18,69
UE302,EPL0441,ROBERT,Thomas,13.15,70
UE302,EPL0028,BERNARD,Thomas,13.13,71
UE302,EPL0728,ROBERT,Stéphane,13.04,72
UE302,EPL0594,ROBERT,Lucas,13.0,73
UE302,EPL0059,WAGNER,Lucas,12.99,74
UE302,EPL0051,BERNARD,Sophie,12.97,75
UE302,EPL0359,SCHMITT,Stéphane,12.97,75
UE302,EPL1194,DUPONT,Agathe,12.96,76
UE302,EPL0351,SCHMITT,Stéphane,12.93,77
UE302,EPL0097,MOREAU,Emma,12.89,78
UE302,EPL0561,DUPONT,Sophie,12.87,79
UE302,EPL0867,DELANNOY,Danielle,12.86,80
UE302,EPL0613,MARTIN,Emma,12.84,81
UE302,EPL0151,PETIT,Danielle,12.75,82
UE302,EPL0913,MOREAU,Danielle,12.75,82
UE302,EPL0939,MOREAU,Emma,12.73,83
UE302,EPL1088,ROBERT,Madeleine,12.72,84
UE302,EPL0346,BERNARD,Agathe,12.7,85
UE302,EPL0367,SCHMITT,Stéphane,12.67,86
UE302,EPL0807,SCHMITT,Danielle,12.67,86
UE302,EPL1199,ROBERT,Lucas,12.67,86
UE302,EPL0963,SCHMITT,Julie,12.59,87
UE302,EPL0781,ROBERT,Antoine,12.53,88
UE302,EPL0042,DUPONT,Stéphane,12.51,89
UE302,EPL0616,DIJOUX,Danielle,12.39,90
UE302,EPL0409,WAGNER,Sophie,12.36,91
UE302,EPL0617,MARTIN,Sophie,12.33,92
UE302,EPL0803,BERNARD,Thomas,12.29,93
UE302,EPL0079,ROBERT,Stéphane,12.28,94
UE302,EPL1097,DELANNOY,Lucas,12.24,95
UE302,EPL0113,SCHMITT,Lucas,12.18,96
UE302,EPL0536,DUPONT,Agathe,12.14,97
UE302,EPL1027,MOREAU,Lucas,12.11,98
UE302,EPL0990,ROBERT,Agathe,12.08,99
UE302,EPL0571,ROBERT,Thomas,12.06,100
UE302,EPL0177,DUPONT,Stéphane,12.04,101
UE302,EPL0403,MOREAU,Danielle,12.02,102
UE302,EPL0305,MOREAU,Thomas,11.94,103
UE302,EPL0355,MOREAU,Danielle,11.94,103
UE302,EPL1197,MARTIN,Sophie,11.94,103
UE302,EPL0875,WAGNER,Sophie,11.9,104
UE302,EPL0969,PETIT,Stéphane,11.88,105
UE302,EPL1071,DIJOUX,Sophie,11.86,106
UE302,EPL0612,MARTIN,Stéphane,11.83,107
UE302,EPL1174,DIJOUX,Agathe,11.81,108
UE302,EPL0789,SCHMITT,Julie,11.79,109
UE302,EPL0764,WAGNER,Thomas,11.71,110
UE302,EPL0320,WAGNER,Lucas,11.61,111
UE302,EPL0408,DIJOUX,Lucas,11.57,112
UE302,EPL1143,MARTIN,Stéphane,11.55,113
UE302,EPL0700,PETIT,Stéphane,11.45,114
UE302,EPL0115,DIJOUX,Stéphane,11.42,115
UE302,EPL0574,SCHMITT,Julie,11.34,116
UE302,EPL0989,DIJOUX,Stéphane,11.34,116
UE302,EPL0006,DELANNOY,Sophie,11.3,117
UE302,EPL0513,DUPONT,Thomas,11.28,118
UE302,EPL0687,MOREAU,Agathe,11.28,118
UE302,EPL0951,DELANNOY,Danielle,11.28,118
UE302,EPL0476,DIJOUX,Sophie,11.25,119
UE302,EPL0179,PETIT,Danielle,11.21,120
UE302,EPL0597,MARTIN,Emma,11.19,121
UE302,EPL0996,WAGNER,Madeleine,11.16,122
UE302,EPL0358,WAGNER,Julie,11.13,123
UE302,EPL0044,DIJOUX,Agathe,11.1,124
UE302,EPL0691,MARTIN,Antoine,10.92,125
UE302,EPL0719,DIJOUX,Danielle,10.91,126
UE302,EPL0824,DUPONT,Antoine,10.91,126
UE302,EPL0052,WAGNER,Sophie,10.84,127
UE302,EPL0366,BERNARD,Thomas,10.8,128
UE302,EPL0556,MOREAU,Julie,10.76,129
UE302,EPL0829,DIJOUX,Emma,10.74,130
UE302,EPL1042,MOREAU,Agathe,10.62,131
UE302,EPL0011,PETIT,Emma,10.61,132
UE302,EPL0808,DELANNOY,Sophie,10.56,133
UE302,EPL0883,MARTIN,Sophie,10.53,134
UE302,EPL0802,MOREAU,Thomas,10.45,135
UE302,EPL0877,MOREAU,Antoine,10.45,135
UE302,EPL1010,DELANNOY,Stéphane,10.39,136
UE302,EPL1055,DELANNOY,Antoine,10.35,137
UE302,EPL0852,SCHMITT,Stéphane,10.33,138
UE302,EPL0515,PETIT,Danielle,10.27,139
UE302,EPL0308,PETIT,Stéphane,10.23,140
UE302,EPL0029,BERNARD,Lucas,10.2,141
UE302,EPL0865,ROBERT,Julie,10.16,142
UE302,EPL1051,WAGNER,Madeleine,10.12,143
UE302,EPL1004,SCHMITT,Lucas,10.06,144
UE302,EPL0234,MOREAU,Thomas,10.05,145
UE302,EPL0248,BERNARD,Thomas,10.04,146
UE302,EPL0239,PETIT,Stéphane,10.01,147
UE302,EPL0948,MOREAU,Stéphane,9.92,148
UE302,EPL0463,BERNARD,Antoine,9.9,149
UE302,EPL0665,MOREAU,Danielle,9.86,150
UE302,EPL0046,DELANNOY,Lucas,9.84,151
UE302,EPL1175,MOREAU,Lucas,9.74,152
UE302,EPL0456,ROBERT,Stéphane,9.62,153
UE302,EPL0085,MARTIN,Thomas,9.57,154
UE302,EPL0900,DELANNOY,Julie,9.55,155
UE302,EPL0381,DUPONT,Sophie,9.48,156
UE302,EPL0494,PETIT,Madeleine,9.42,157
UE302,EPL0530,ROBERT,Antoine,9.29,158
UE302,EPL0161,ROBERT,Agathe,9.08,159
UE302,EPL0017,DUPONT,Madeleine,8.96,160
UE302,EPL0795,SCHMITT,Thomas,8.76,161
UE302,EPL0677,ROBERT,Lucas,8.67,162
UE302,EPL1066,DIJOUX,Danielle,8.64,163
UE302,EPL0118,MARTIN,Lucas,8.49,164
UE302,EPL0431,SCHMITT,Stéphane,8.45,165
UE302,EPL0064,BERNARD,Thomas,8.41,166
UE302,EPL1138,SCHMITT,Madeleine,8.32,167
UE302,EPL0742,SCHMITT,Sophie,8.16,168
UE302,EPL0445,DIJOUX,Madeleine,8.09,169
UE302,EPL1154,MARTIN,Thomas,8.03,170
UE302,EPL0831,BERNARD,Danielle,7.97,171
UE302,EPL1163,SCHMITT,Emma,7.83,172
UE302,EPL0503,WAGNER,Julie,7.8,173
UE302,EPL0348,MARTIN,Agathe,7.78,174
UE302,EPL1148,MOREAU,Agathe,7.68,175
UE302,EPL0347,DIJOUX,Danielle,7.66,176
UE302,EPL1038,MARTIN,Sophie,7.61,177
UE302,EPL0644,DELANNOY,Lucas,7.49,178
UE302,EPL0255,WAGNER,Agathe,7.44,179
UE302,EPL0705,DELANNOY,Lucas,7.33,180
UE302,EPL1184,SCHMITT,Stéphane,7.29,181
UE302,EPL1164,PETIT,Emma,7.06,182
UE302,EPL0790,ROBERT,Thomas,7.02,183
UE302,EPL1032,WAGNER,Stéphane,6.99,184
UE302,EPL0526,SCHMITT,Sophie,6.59,185
UE302,EPL0741,ROBERT,Sophie,6.48,186
UE302,EPL0286,BERNARD,Madeleine,6.14,187
UE302,EPL0038,DUPONT,Stéphane,6.12,188
UE302,EPL0992,WAGNER,Madeleine,5.87,189
UE302,EPL0443,WAGNER,Thomas,5.8,190
UE302,EPL0545,DUPONT,Emma,4.59,191
UE302,EPL0669,BERNARD,Madeleine,4.05,192
UE401,EPL0210,DIJOUX,Emma,20.0,1
UE401,EPL0848,DIJOUX,Lucas,19.37,2
UE401,EPL0615,SCHMITT,Danielle,19.34,3
UE401,EPL1162,BERNARD,Madeleine,18.87,4
UE401,EPL0584,MOREAU,Julie,18.81,5
UE401,EPL1158,DIJOUX,Julie,18.76,6
UE401,EPL0107,WAGNER,Antoine,17.66,7
UE401,EPL0770,PETIT,Sophie,17.44,8
UE401,EPL1149,DIJOUX,Madeleine,16.78,9
UE401,EPL0283,DELANNOY,Sophie,16.76,10
UE401,EPL0827,DIJOUX,Agathe,16.74,11
UE401,EPL0136,SCHMITT,Danielle,16.65,12
UE401,EPL0417,DUPONT,Thomas,16.65,12
UE401,EPL0632,PETIT,Julie,16.59,13
UE401,EPL0435,SCHMITT,Antoine,16.51,14
UE401,EPL0987,DELANNOY,Julie,16.51,14
UE401,EPL1079,PETIT,Sophie,16.5,15
UE401,EPL0954,WAGNER,Antoine,16.33,16
UE401,EPL0895,SCHMITT,Julie,16.15,17
UE401,EPL1167,MARTIN,Danielle,16.15,17
UE401,EPL1050,DELANNOY,Lucas,16.14,18
UE401,EPL1200,SCHMITT,Danielle,16.09,19
UE401,EPL0142,ROBERT,Danielle,15.92,20
UE401,EPL0809,WAGNER,Lucas,15.77,21
UE401,EPL0395,MARTIN,Agathe,15.54,22
UE401,EPL0163,PETIT,Thomas,15.48,23
UE401,EPL0327,DUPONT,Agathe,15.47,24
UE401,EPL0765,WAGNER,Danielle,15.45,25
UE401,EPL1063,ROBERT,Sophie,15.45,25
UE401,EPL0652,MOREAU,Julie,15.38,26
UE401,EPL0630,MOREAU,Sophie,15.28,27
UE401,EPL1043,ROBERT,Danielle,15.24,28
UE401,EPL0429,DELANNOY,Madeleine,15.18,29
UE401,EPL0539,SCHMITT,Julie,15.02,30
UE401,EPL0774,WAGNER,Danielle,14.92,31
UE401,EPL0424,DUPONT,Stéphane,14.91,32
UE401,EPL0374,SCHMITT,Emma,14.88,33
UE401,EPL1186,MARTIN,Madeleine,14.82,34
UE401,EPL1046,DIJOUX,Danielle,14.65,35
UE401,EPL0563,PETIT,Stéphane,14.61,36
UE401,EPL1113,WAGNER,Stéphane,14.61,36
UE401,EPL0294,BERNARD,Antoine,14.55,37
UE401,EPL0973,WAGNER,Stéphane,14.52,38
UE401,EPL0260,ROBERT,Thomas,14.32,39
UE401,EPL0578,DUPONT,Madeleine,14.31,40
UE401,EPL0980,MARTIN,Stéphane,14.28,41
UE401,EPL0516,BERNARD,Emma,14.27,42
UE401,EPL0520,DELANNOY,Madeleine,14.25,43
UE401,EPL1095,ROBERT,Stéphane,14.2,44
UE401,EPL0689,MOREAU,Antoine,14.13,45
UE401,EPL0317,DIJOUX,Agathe,14.05,46
UE401,EPL0230,MARTIN,Danielle,14.04,47
UE401,EPL0446,DIJOUX,Agathe,14.01,48
UE401,EPL0611,MOREAU,Antoine,13.96,49
UE401,EPL0003,PETIT,Danielle,13.94,50
UE401,EPL0236,DIJOUX,Lucas,13.9,51
UE401,EPL0775,BERNARD,Lucas,13.87,52
UE401,EPL1029,BERNARD,Sophie,13.84,53
UE401,EPL0010,DUPONT,Danielle,13.63,54
UE401,EPL0454,MOREAU,Thomas,13.51,55
UE401,EPL1053,DUPONT,Stéphane,13.48,56
UE401,EPL0684,DIJOUX,Thomas,13.47,57
UE401,EPL0622,SCHMITT,Emma,13.41,58
UE401,EPL0276,ROBERT,Lucas,13.39,59
UE401,EPL0259,BERNARD,Julie,13.33,60
UE401,EPL1196,DELANNOY,Danielle,13.32,61
UE401,EPL0549,MOREAU,Agathe,13.11,62
UE401,EPL0201,ROBERT,Madeleine,13.07,63
UE401,EPL0952,PETIT,Antoine,13.06,64
UE401,EPL0049,BERNARD,Danielle,13.03,65
UE401,EPL0573,DELANNOY,Julie,12.98,66
UE401,EPL0116,ROBERT,Madeleine,12.9,67
UE401,EPL0289,PETIT,Emma,12.84,68
UE401,EPL0793,MOREAU,Agathe,12.81,69
UE401,EPL0154,DELANNOY,Emma,12.7,70
UE401,EPL0836,DIJOUX,Stéphane,12.7,70
UE401,EPL0861,BERNARD,Lucas,12.61,71
UE401,EPL0144,DELANNOY,Emma,12.55,72
UE401,EPL0026,WAGNER,Julie,12.33,73
UE401,EPL0091,MARTIN,Thomas,12.29,74
UE401,EPL0369,MOREAU,Danielle,12.29,74
UE401,EPL0077,DUPONT,Madeleine,12.26,75
UE401,EPL0819,DIJOUX,Stéphane,12.25,76
UE401,EPL0493,PETIT,Agathe,12.23,77
UE401,EPL0404,PETIT,Agathe,12.14,78
UE401,EPL0371,SCHMITT,Antoine,12.07,79
UE401,EPL0357,WAGNER,Julie,11.94,80
UE401,EPL1057,PETIT,Antoine,11.92,81
UE401,EPL0767,DUPONT,Danielle,11.9,82
UE401,EPL0715,SCHMITT,Antoine,11.89,83
UE401,EPL1092,SCHMITT,Agathe,11.89,83
UE401,EPL0797,PETIT,Sophie,11.88,84
UE401,EPL1044,BERNARD,Emma,11.88,84
UE401,EPL0841,WAGNER,Stéphane,11.85,85
UE401,EPL0930,MARTIN,Madeleine,11.8,86
UE401,EPL0067,DUPONT,Sophie,11.78,87
UE401,EPL0173,DUPONT,Antoine,11.77,88
UE401,EPL0712,SCHMITT,Agathe,11.71,89
UE401,EPL0363,BERNARD,Agathe,11.67,90
UE401,EPL0242,WAGNER,Danielle,11.66,91
UE401,EPL0105,DUPONT,Julie,11.52,92
UE401,EPL0354,SCHMITT,Sophie,11.52,92
UE401,EPL1145,DIJOUX,Madeleine,11.48,93
UE401,EPL0811,MOREAU,Antoine,11.44,94
UE401,EPL1111,DIJOUX,Stéphane,11.43,95
UE401,EPL0291,MOREAU,Madeleine,11.38,96
UE401,EPL0466,DIJOUX,Madeleine,11.34,97
UE401,EPL0649,WAGNER,Lucas,11.31,98
UE401,EPL0643,DUPONT,Emma,11.22,99
UE401,EPL0911,ROBERT,Madeleine,11.08,100
UE401,EPL0058,PETIT,Julie,11.07,101
UE401,EPL0696,SCHMITT,Madeleine,11.07,101
UE401,EPL0688,MOREAU,Agathe,10.88,102
UE401,EPL0977,SCHMITT,Madeleine,10.64,103
UE401,EPL0804,ROBERT,Lucas,10.61,104
UE401,EPL0009,DIJOUX,Julie,10.59,105
UE401,EPL0396,MARTIN,Agathe,10.59,105
UE401,EPL0247,PETIT,Thomas,10.58,106
UE401,EPL0061,DIJOUX,Stéphane,10.56,107
UE401,EPL1076,MARTIN,Danielle,10.52,108
UE401,EPL0701,BERNARD,Agathe,10.43,109
UE401,EPL0828,SCHMITT,Thomas,10.43,109
UE401,EPL0850,MOREAU,Lucas,10.41,110
UE401,EPL0302,ROBERT,Julie,10.32,111
UE401,EPL0856,MOREAU,Agathe,10.29,112
UE401,EPL0470,ROBERT,Lucas,10.27,113
UE401,EPL0293,DIJOUX,Lucas,10.23,114
UE401,EPL0402,MARTIN,Emma,10.2,115
UE401,EPL1193,DELANNOY,Thomas,10.2,115
UE401,EPL0849,DUPONT,Julie,10.09,116
UE401,EPL0853,DELANNOY,Thomas,10.09,116
UE401,EPL1056,PETIT,Julie,9.99,117
UE401,EPL0153,ROBERT,Stéphane,9.96,118
UE401,EPL0972,DUPONT,Julie,9.96,118
UE401,EPL0994,BERNARD,Antoine,9.95,119
UE401,EPL0924,SCHMITT,Lucas,9.9,120
UE401,EPL0093,PETIT,Lucas,9.89,121
UE401,EPL0766,DUPONT,Antoine,9.89,121
UE401,EPL0416,DIJOUX,Antoine,9.75,122
UE401,EPL0525,PETIT,Sophie,9.71,123
UE401,EPL0607,WAGNER,Emma,9.68,124
UE401,EPL0241,WAGNER,Thomas,9.62,125
UE401,EPL0323,PETIT,Lucas,9.55,126
UE401,EPL0164,DIJOUX,Danielle,9.54,127
UE401,EPL0189,MOREAU,Sophie,9.46,128
UE401,EPL0508,WAGNER,Sophie,9.41,129
UE401,EPL0122,ROBERT,Lucas,9.27,130
UE401,EPL0602,BERNARD,Thomas,9.23,131
UE401,EPL0127,DELANNOY,Stéphane,9.03,132
UE401,EPL0627,MOREAU,Antoine,9.03,132
UE401,EPL1185,DELANNOY,Lucas,9.03,132
UE401,EPL0995,SCHMITT,Agathe,9.0,133
UE401,EPL1106,BERNARD,Thomas,8.88,134
UE401,EPL1108,DUPONT,Sophie,8.84,135
UE401,EPL0133,DELANNOY,Danielle,8.81,136
UE401,EPL0407,DUPONT,Danielle,8.8,137
UE401,EPL0183,DUPONT,Agathe,8.79,138
UE401,EPL0228,ROBERT,Lucas,8.77,139
UE401,EPL0693,DIJOUX,Thomas,8.76,140
UE401,EPL1147,DELANNOY,Danielle,8.71,141
UE401,EPL1124,ROBERT,Julie,8.57,142
UE401,EPL0685,BERNARD,Antoine,8.33,143
UE401,EPL0140,BERNARD,Agathe,8.31,144
UE401,EPL0147,BERNARD,Thomas,8.29,145
UE401,EPL0284,MARTIN,Thomas,8.29,145
UE401,EPL0266,ROBERT,Emma,8.26,146
UE401,EPL0148,DIJOUX,Madeleine,8.04,147
UE401,EPL0039,BERNARD,Lucas,8.02,148
UE401,EPL1192,WAGNER,Antoine,8.0,149
UE401,EPL0124,MARTIN,Julie,7.79,150
UE401,EPL0704,MARTIN,Thomas,7.77,151
UE401,EPL0024,WAGNER,Agathe,7.73,152
UE401,EPL0486,MARTIN,Antoine,7.73,152
UE401,EPL0816,MARTIN,Sophie,7.54,153
UE401,EPL0862,PETIT,Madeleine,7.45,154
UE401,EPL1048,DUPONT,Thomas,7.27,155
UE401,EPL0722,DELANNOY,Agathe,6.87,156
UE401,EPL0397,SCHMITT,Lucas,6.86,157
UE401,EPL0050,DELANNOY,Lucas,6.71,158
UE401,EPL0569,DIJOUX,Danielle,6.39,159
UE401,EPL0976,MOREAU,Thomas,6.33,160
UE401,EPL0014,BERNARD,Antoine,6.26,161
UE401,EPL0080,BERNARD,Stéphane,6.04,162
UE401,EPL0709,DIJOUX,Danielle,5.75,163
UE401,EPL0075,ROBERT,Lucas,4.14,164
UE401,EPL1102,MARTIN,Stéphane,3.31,165
